X,Y,OBJECTID,source,ext_id,cat1,cat2,cat3,org_name,Name,addrln1,addrln2,city,state,zip,hours,phones,url,info1,info2,description,link,use_type,latitude,longitude,date_updated,email,dis_status,POINT_X,POINT_Y,post_id
-118.237014556131001,33.765573867478835,157210452,HSIP Freedom Gnis_cultural_fe,1733013,Arts and Recreation,Beaches and Marinas,,US Geological Survey (USGS) & LA County,Terminal Island Marina,,,,,,,,,,,,http://egis3.lacounty.gov/lms/?p=24236,publish,33.7655739,-118.2370145,2010-11-01T19:50:56.000Z,,,6489629.83459614,1737151.94821714,24236
-118.202065056491691,33.75147596771113,157246455,211,,Arts and Recreation,Beaches and Marinas,,www.polb.com/,Port Of Long Beach,925 Harbor Plaza,,Long Beach,CA,90802,"Monday through Friday, 7:30am to 4:30pm. ","Service/Intake and Administration (562) 437-0041, Community Affairs and Government Relations Administrative (562) 590-4115, Civil Service Dept. - Employment Service/Intake (562) 570-6202",www.polb.com/,,,The Port provides harbor services for the City of Long Beach and all of Los Angeles County.,http://egis3.lacounty.gov/lms/?p=60214,publish,33.751476,-118.202065,2013-06-01T11:50:56.000Z,,,6500242.39736047,1731998.11830173,60214
-118.783578928559393,34.679143653845301,157248969,HSIP Freedom Gnis_cultural_fe,254479,Arts and Recreation,Beaches and Marinas,,US Geological Survey (USGS) & LA County,Emigrant Landing,,,,,,,,,,,"Emigrant Landing is part of <a href=""http://parks.lacounty.gov/Parkinfo.asp?URL=cms1_141677.asp&amp;Title=Castaic%20Lake%20State%20Recreation%20Area""> Castaic Lake </a>",http://egis3.lacounty.gov/lms/?p=23701,publish,34.67914369,-118.78357887,2012-01-04T08:38:00.000Z,,,6326095.62852871,2070453.28358164,23701
-118.393686755411593,33.319473768024359,157248971,LA County Department of Beaches and Harbors,1661448,Arts and Recreation,Beaches and Marinas,,Catalina Island Chamber of Commerce,Silver Canyon Landing,,,,,,,,http://www.catalinachamber.com/,,,"<a href=""http://www.catalinachamber.com/""> Catalina Island information </a>",http://egis3.lacounty.gov/lms/?p=23894,publish,33.3194738,-118.3936867,2012-01-05T13:21:29.000Z,,,6441373.67848396,1574947.32774514,23894
-118.581193454782465,33.451692767521287,157248974,LA County Department of Beaches and Harbors,249821,Arts and Recreation,Beaches and Marinas,,Catalina Island Chamber of Commerce,Spring Landing,,,,,,,,http://www.catalinachamber.com/,,,"<a href=""http://www.catalinachamber.com/""> Catalina Island information </a>",http://egis3.lacounty.gov/lms/?p=23870,publish,33.4516928,-118.5811934,2012-01-05T13:22:43.000Z,,,6384357.06876414,1623346.21388681,23870
-118.370046671805156,33.394221735992431,157248977,LA County Department of Beaches and Harbors,1661685,Arts and Recreation,Beaches and Marinas,,Catalina Island Chamber of Commerce,Whites Landing,,,,,,,,http://www.catalinachamber.com/,,,"<a href=""http://www.catalinachamber.com/""> Catalina Island information </a>",http://egis3.lacounty.gov/lms/?p=23895,publish,33.39422177,-118.37004662,2012-01-05T13:35:46.000Z,,,6448697.36659247,1602124.83933489,23895
-118.311166818078149,33.335888583956439,157248980,LA County Department of Beaches and Harbors,247340,Arts and Recreation,Beaches and Marinas,,Catalina Island Chamber of Commerce,Pebbly Beach,,,,,,,,http://www.catalinachamber.com/,,,"<a href=""http://www.catalinachamber.com/""> Catalina Island information </a>",http://egis3.lacounty.gov/lms/?p=23648,publish,33.33588862,-118.31116676,2012-01-05T13:36:23.000Z,,,6466607.24186188,1580833.24510714,23648
-118.566008860657433,33.473629846662412,157248983,LA County Department of Beaches and Harbors,245119,Arts and Recreation,Beaches and Marinas,,Catalina Island Chamber of Commerce,Lorenzo Beach,,,,,,,,http://www.catalinachamber.com/,,,"<a href=""http://www.catalinachamber.com/""> Catalina Island information </a>",http://egis3.lacounty.gov/lms/?p=25449,publish,33.47362988,-118.56600881,2012-01-05T13:36:48.000Z,,,6389034.56498656,1631303.62710582,25449
-118.481454904548357,33.368133460895919,157248986,LA County Department of Beaches and Harbors,239213,Arts and Recreation,Beaches and Marinas,,Catalina Island Chamber of Commerce,Ben Weston Beach,,,,,,,,http://www.catalinachamber.com/,,,"<a href=""http://www.catalinachamber.com/""> Catalina Island information </a>",http://egis3.lacounty.gov/lms/?p=25383,publish,33.36813349,-118.48145485,2012-01-05T13:38:21.000Z,,,6414639.86416955,1592774.02601556,25383
-118.348921592085517,33.370346610401072,157248989,LA County Department of Beaches and Harbors,242577,Arts and Recreation,Beaches and Marinas,,Catalina Island Chamber of Commerce,Gallagher Beach,,,,,,,,http://www.catalinachamber.com/,,,"<a href=""http://www.catalinachamber.com/""> Catalina Island information </a>",http://egis3.lacounty.gov/lms/?p=26418,publish,33.37034664,-118.34892154,2012-01-05T13:39:00.000Z,,,6455116.53485647,1593412.33510639,26418
-118.329829629217784,33.353701814800814,157248992,LA County Department of Beaches and Harbors,243141,Arts and Recreation,Beaches and Marinas,,Catalina Island Chamber of Commerce,Hamilton Beach,,,,,,,,http://www.catalinachamber.com/,,,"<a href=""http://www.catalinachamber.com/""> Catalina Island information </a>",http://egis3.lacounty.gov/lms/?p=26436,publish,33.35370185,-118.32982957,2012-01-05T13:39:18.000Z,,,6460926.94712013,1587334.68125123,26436
-118.550730999077246,33.472837825680301,157248995,LA County Department of Beaches and Harbors,247282,Arts and Recreation,Beaches and Marinas,,Catalina Island Chamber of Commerce,Parsons Landing,,,,,,,,http://www.catalinachamber.com/,,,"<a href=""http://www.catalinachamber.com/""> Catalina Island information </a>",http://egis3.lacounty.gov/lms/?p=25400,publish,33.47283786,-118.55073094,2012-01-05T13:39:42.000Z,,,6393692.76958089,1630989.49190731,25400
-118.531134780020565,33.468814963393044,157248999,LA County Department of Beaches and Harbors,244116,Arts and Recreation,Beaches and Marinas,,Catalina Island Chamber of Commerce,Johnsons Landing,,,,,,,,http://www.catalinachamber.com/,,,"<a href=""http://www.catalinachamber.com/""> Catalina Island information </a>",http://egis3.lacounty.gov/lms/?p=25408,publish,33.468815,-118.53113472,2012-01-05T13:40:19.000Z,,,6399661.98828547,1629493.23374498,25408
-118.369081075653071,33.405023859289159,157249002,LA County Department of Beaches and Harbors,255391,Arts and Recreation,Beaches and Marinas,,Catalina Island Chamber of Commerce,Button Shell Beach,,,,,,,,http://www.catalinachamber.com/,,,"<a href=""http://www.catalinachamber.com/""> Catalina Island information </a>",http://egis3.lacounty.gov/lms/?p=26450,publish,33.40502389,-118.36908102,2012-01-05T13:40:37.000Z,,,6449006.59136772,1606055.20811456,26450
-118.116176156551475,33.760295067825687,157249005,LA County Department of Beaches and Harbors,1702630,Arts and Recreation,Beaches and Marinas,,Marina Pacifica,Marina Pacifica,,,,,,,,http://marinapacifica.com/default.aspx,,,"<p> <a href=""http://marinapacifica.com/default.aspx""> Marina Pacifica </a> </p>",http://egis3.lacounty.gov/lms/?p=24164,publish,33.7602951,-118.1161761,2012-01-05T13:59:39.000Z,,,6526356.39172031,1735166.31472123,24164
-118.11117585659747,33.752795167371794,157249009,HSIP Freedom Gnis_cultural_fe,1702665,Arts and Recreation,Beaches and Marinas,,US Geological Survey (USGS) & LA County,Long Beach Marina,,,,,,,,,,,"<p> <a href=""http://www.longbeach.gov/park/marine/marinas.asp""> Long Beach Marina </a> </p>",http://egis3.lacounty.gov/lms/?p=24188,publish,33.7527952,-118.1111758,2012-01-05T14:12:28.000Z,,,6527873.30896205,1732435.16303131,24188
-118.281555856002669,33.74102022714299,157249701,211,,Arts and Recreation,Beaches and Marinas,,City of Los Angeles,Port Of Los Angeles,425 S. Palos Verdes St.,,San Pedro,CA,90731,"Monday through Friday, 7:00am to 5:00pm.","TDD (310) 732-3480, Special Events Info. Information Only (800) 831-7678, Public Affairs Service/Intake and Administration (310) 732-3508, Harbor Commission Administrative (310) 732-3444, Security Desk and Main Lobby Service/Intake and Administration (310",www.portoflosangeles.org,,,The Port provides harbor services for the City of Los Angeles.,http://egis3.lacounty.gov/lms/?p=60215,publish,33.74102026,-118.2815558,2013-06-03T12:06:36.000Z,,,6476066.52051547,1728251.1084073,60215
-118.445626455775709,33.97280228717009,157250137,211,,Arts and Recreation,Beaches and Marinas,,,Los Angeles County Department Of Beaches And Harbors,13837 Fiji Way,,Marina del Rey,CA,90292,"Monday through Thursday, 7:00am to 6:00pm. ","Beach Use Permits Service/Intake (310) 305-9543, Visitors Information Line Information Only (310) 305-9545, General Information Information Only (310) 305-9546, Burton Chace Park Service/Intake and Administration (310) 305-9595, Youth Programs Service/Int",beaches.lacounty.gov,,,The department provides beach and park services for Los Angeles County.,http://egis3.lacounty.gov/lms/?p=70307,publish,33.97280232,-118.4456264,2010-11-01T11:50:56.000Z,,,6426556.95483664,1812782.05220598,70307
-118.394593355882876,33.845013527022985,157251024,211,,Arts and Recreation,Beaches and Marinas,,,Seaside Lagoon,200 Portofino Way,,Redondo Beach,CA,90277,"Monday through Sunday, 10:00am to 5:45pm, May 24 through September 5; Saturday and Sunday, September 6 and 7 only. ",Service/Intake (310) 318-0681,www.redondo.org,,,This is the government office for the city of Redondo Beach.,http://egis3.lacounty.gov/lms/?p=70941,publish,33.84501356,-118.3945933,2010-11-01T11:50:56.000Z,,,6441847.48298255,1766212.4517758,70941
-118.196649055996929,33.764947997355954,157251884,211,,Arts and Recreation,Beaches and Marinas,,,"City Of Long Beach Department Of Parks, Recreation And Marine - Long Beach Shoreline Marina And Rainbow Harbor",420 W Shoreline Dr,,Long Beach,CA,90802,"Monday through Sunday, 24 hours per day ","Shoreline Marina Service/Intake and Administration (562) 570-4950, Rainbow Harbor Service/Intake and Administration (562) 570-8636",www.longbeach.gov/park/,,,The Department provides recreational programs for people of all ages in Los Angeles County.,http://egis3.lacounty.gov/lms/?p=71584,publish,33.76494803,-118.196649,2010-11-01T11:50:56.000Z,,,6501898.45572814,1736897.71053664,71584
-118.284602221216275,33.711221273369958,157253311,LA City Recreation and Parks,,Arts and Recreation,Beaches and Marinas,,LA City Department Recreation and Parks,Cabrillo Beach and Marine Aquarium,,,,CA,,"Beach is open during daylight hours.

","<p>Aquarium: 310-548-7562  </p>
<p>Visitors Center: 310-305-9545 </p>
<p>Beaches and Harbors: 310-305-9503 </p> ",,"<a href=""http://www.parks.ca.gov""> California State Parks </a>","<a href=""http://watchthewater.org""> Live Beach Webcams </a>","<a href=""http://www.sanpedro.com/sp_point/cbrobch.htm""> Cabrillo Beach </a> is excellent for windsurfing and sailing.

<a href=""http://www.cabrillomarineaquarium.org""> Cabrillo Marine Aquarium </a> is located at 3720 Stephen S. White Drive, San Pedro, CA 90731.

<a href=""http://www.sanpedro.com/index.htm""> City of San Pedro </a>

Cabrillo Beach is managed by the City of Los Angeles.",http://egis3.lacounty.gov/lms/?p=1405,publish,33.71122131,-118.28460217,2014-06-10T12:49:50.000Z,311@lacity.org,,6475109.60543455,1717408.99688947,1405
-118.284602221216275,33.711221273369958,157253312,LA City Recreation and Parks,,Arts and Recreation,Beaches and Marinas,,LA City Department Recreation and Parks,Cabrillo Beach and Marine Aquarium,,,,CA,,"Beach is open during daylight hours.

","<p>Aquarium: 310-548-7562  </p>
<p>Visitors Center: 310-305-9545 </p>
<p>Beaches and Harbors: 310-305-9503 </p> ",,"<a href=""http://www.parks.ca.gov""> California State Parks </a>","<a href=""http://watchthewater.org""> Live Beach Webcams </a>","<a href=""http://www.sanpedro.com/sp_point/cbrobch.htm""> Cabrillo Beach </a> is excellent for windsurfing and sailing.

<a href=""http://www.cabrillomarineaquarium.org""> Cabrillo Marine Aquarium </a> is located at 3720 Stephen S. White Drive, San Pedro, CA 90731.

<a href=""http://www.sanpedro.com/index.htm""> City of San Pedro </a>

Cabrillo Beach is managed by the City of Los Angeles.",http://egis3.lacounty.gov/lms/?p=1405,publish,33.71122131,-118.28460217,2014-06-10T12:49:50.000Z,311@lacity.org,,6475109.60543455,1717408.99688947,1405
-118.284602221216275,33.711221273369958,157253313,LA City Recreation and Parks,,Arts and Recreation,Beaches and Marinas,,LA City Department Recreation and Parks,Cabrillo Beach and Marine Aquarium,,,Los Angeles,CA,,"Beach is open during daylight hours.

","<p>Aquarium: 310-548-7562  </p>
<p>Visitors Center: 310-305-9545 </p>
<p>Beaches and Harbors: 310-305-9503 </p> ",,"<a href=""http://www.parks.ca.gov""> California State Parks </a>","<a href=""http://watchthewater.org""> Live Beach Webcams </a>","<a href=""http://www.sanpedro.com/sp_point/cbrobch.htm""> Cabrillo Beach </a> is excellent for windsurfing and sailing.

<a href=""http://www.cabrillomarineaquarium.org""> Cabrillo Marine Aquarium </a> is located at 3720 Stephen S. White Drive, San Pedro, CA 90731.

<a href=""http://www.sanpedro.com/index.htm""> City of San Pedro </a>

Cabrillo Beach is managed by the City of Los Angeles.",http://egis3.lacounty.gov/lms/?p=1405,publish,33.71122131,-118.28460217,2014-06-10T12:49:50.000Z,311@lacity.org,,6475109.60543455,1717408.99688947,1405
-118.284602221216275,33.711221273369958,157253314,LA City Recreation and Parks,,Arts and Recreation,Beaches and Marinas,,LA City Department Recreation and Parks,Cabrillo Beach and Marine Aquarium,,,Los Angeles,CA,,"Beach is open during daylight hours.

","<p>Aquarium: 310-548-7562  </p>
<p>Visitors Center: 310-305-9545 </p>
<p>Beaches and Harbors: 310-305-9503 </p> ",,"<a href=""http://www.parks.ca.gov""> California State Parks </a>","<a href=""http://watchthewater.org""> Live Beach Webcams </a>","<a href=""http://www.sanpedro.com/sp_point/cbrobch.htm""> Cabrillo Beach </a> is excellent for windsurfing and sailing.

<a href=""http://www.cabrillomarineaquarium.org""> Cabrillo Marine Aquarium </a> is located at 3720 Stephen S. White Drive, San Pedro, CA 90731.

<a href=""http://www.sanpedro.com/index.htm""> City of San Pedro </a>

Cabrillo Beach is managed by the City of Los Angeles.",http://egis3.lacounty.gov/lms/?p=1405,publish,33.71122131,-118.28460217,2014-06-10T12:49:50.000Z,311@lacity.org,,6475109.60543455,1717408.99688947,1405
-118.284602221216275,33.711221273369958,157253315,LA City Recreation and Parks,,Arts and Recreation,Beaches and Marinas,,LA City Department Recreation and Parks,Cabrillo Beach and Marine Aquarium,3800 Stephen M. White Drive,,,CA,,"Beach is open during daylight hours.

","<p>Aquarium: 310-548-7562  </p>
<p>Visitors Center: 310-305-9545 </p>
<p>Beaches and Harbors: 310-305-9503 </p> ",,"<a href=""http://www.parks.ca.gov""> California State Parks </a>","<a href=""http://watchthewater.org""> Live Beach Webcams </a>","<a href=""http://www.sanpedro.com/sp_point/cbrobch.htm""> Cabrillo Beach </a> is excellent for windsurfing and sailing.

<a href=""http://www.cabrillomarineaquarium.org""> Cabrillo Marine Aquarium </a> is located at 3720 Stephen S. White Drive, San Pedro, CA 90731.

<a href=""http://www.sanpedro.com/index.htm""> City of San Pedro </a>

Cabrillo Beach is managed by the City of Los Angeles.",http://egis3.lacounty.gov/lms/?p=1405,publish,33.71122131,-118.28460217,2014-06-10T12:49:50.000Z,311@lacity.org,,6475109.60543455,1717408.99688947,1405
-118.284602221216275,33.711221273369958,157253316,LA City Recreation and Parks,,Arts and Recreation,Beaches and Marinas,,LA City Department Recreation and Parks,Cabrillo Beach and Marine Aquarium,3800 Stephen M. White Drive,,,CA,,"Beach is open during daylight hours.

","<p>Aquarium: 310-548-7562  </p>
<p>Visitors Center: 310-305-9545 </p>
<p>Beaches and Harbors: 310-305-9503 </p> ",,"<a href=""http://www.parks.ca.gov""> California State Parks </a>","<a href=""http://watchthewater.org""> Live Beach Webcams </a>","<a href=""http://www.sanpedro.com/sp_point/cbrobch.htm""> Cabrillo Beach </a> is excellent for windsurfing and sailing.

<a href=""http://www.cabrillomarineaquarium.org""> Cabrillo Marine Aquarium </a> is located at 3720 Stephen S. White Drive, San Pedro, CA 90731.

<a href=""http://www.sanpedro.com/index.htm""> City of San Pedro </a>

Cabrillo Beach is managed by the City of Los Angeles.",http://egis3.lacounty.gov/lms/?p=1405,publish,33.71122131,-118.28460217,2014-06-10T12:49:50.000Z,311@lacity.org,,6475109.60543455,1717408.99688947,1405
-118.284602221216275,33.711221273369958,157253317,LA City Recreation and Parks,,Arts and Recreation,Beaches and Marinas,,LA City Department Recreation and Parks,Cabrillo Beach and Marine Aquarium,3800 Stephen M. White Drive,,Los Angeles,CA,,"Beach is open during daylight hours.

","<p>Aquarium: 310-548-7562  </p>
<p>Visitors Center: 310-305-9545 </p>
<p>Beaches and Harbors: 310-305-9503 </p> ",,"<a href=""http://www.parks.ca.gov""> California State Parks </a>","<a href=""http://watchthewater.org""> Live Beach Webcams </a>","<a href=""http://www.sanpedro.com/sp_point/cbrobch.htm""> Cabrillo Beach </a> is excellent for windsurfing and sailing.

<a href=""http://www.cabrillomarineaquarium.org""> Cabrillo Marine Aquarium </a> is located at 3720 Stephen S. White Drive, San Pedro, CA 90731.

<a href=""http://www.sanpedro.com/index.htm""> City of San Pedro </a>

Cabrillo Beach is managed by the City of Los Angeles.",http://egis3.lacounty.gov/lms/?p=1405,publish,33.71122131,-118.28460217,2014-06-10T12:49:50.000Z,311@lacity.org,,6475109.60543455,1717408.99688947,1405
-118.284602221216275,33.711221273369958,157253318,LA City Recreation and Parks,,Arts and Recreation,Beaches and Marinas,,LA City Department Recreation and Parks,Cabrillo Beach and Marine Aquarium,3800 Stephen M. White Drive,,Los Angeles,CA,,"Beach is open during daylight hours.

","<p>Aquarium: 310-548-7562  </p>
<p>Visitors Center: 310-305-9545 </p>
<p>Beaches and Harbors: 310-305-9503 </p> ",,"<a href=""http://www.parks.ca.gov""> California State Parks </a>","<a href=""http://watchthewater.org""> Live Beach Webcams </a>","<a href=""http://www.sanpedro.com/sp_point/cbrobch.htm""> Cabrillo Beach </a> is excellent for windsurfing and sailing.

<a href=""http://www.cabrillomarineaquarium.org""> Cabrillo Marine Aquarium </a> is located at 3720 Stephen S. White Drive, San Pedro, CA 90731.

<a href=""http://www.sanpedro.com/index.htm""> City of San Pedro </a>

Cabrillo Beach is managed by the City of Los Angeles.",http://egis3.lacounty.gov/lms/?p=1405,publish,33.71122131,-118.28460217,2014-06-10T12:49:50.000Z,311@lacity.org,,6475109.60543455,1717408.99688947,1405
-118.933396393543177,34.045583376414818,157259969,LA County Department of Beaches and Harbors,,Arts and Recreation,Beaches and Marinas,,California State Parks,Leo Carillo Beach State Park,,,Malibu,CA,90265,,"Visitors Center: 424-526-7900 <br>
Beaches and Harbors 424-526-7777</br>",http://www.parks.ca.gov,"<a href=""http://beaches.lacounty.gov""> Beaches and Harbors </a>",,"<p>Swimming, surfing, windsurfing, fishing, tide pools, overnight camping</p>
<p><a href=""http://www.parks.ca.gov""> California State Parks </a> </p>",http://egis3.lacounty.gov/lms/?p=66241,publish,34.04558341,-118.93339634,2017-07-18T14:54:33.000Z,info@bh.lacounty.gov,,6278914.79834989,1840281.89845289,66241
-118.892090376385624,34.04072938980817,157259973,LA County Department of Beaches and Harbors,,Arts and Recreation,Beaches and Marinas,,California State Parks,Robert H. Meyer Memorial State Beach,,,Malibu,CA,90265,,"Visitors Center: 424-526-7900 <br>
Beaches and Harbors: 424-526-7777 </br>",http://www.parks.ca.gov,"<a href=""http://beaches.lacounty.gov""> Beaches and Harbors </a>",,"Includes El Pescador, La Piedra, and El Matador beaches.

<p><a href=""http://www.parks.ca.gov""> California State Parks </a></p>",http://egis3.lacounty.gov/lms/?p=66234,publish,34.04072942,-118.89209032,2017-07-18T14:56:58.000Z,info@bh.lacounty.gov,,6291411.69560014,1838401.88416831,66234
-118.446157034715966,33.974563915732986,157259976,LA County Department of Beaches and Harbors,,Arts and Recreation,Beaches and Marinas,,Loyola Marymount University Boathouse,Loyola Marymount University Boathouse,13669 Fiji Way,,Marina del Rey,CA,90292,,"<p> LMU Boathouse: 310-338-5466 </p>
<p> Visitors Center: 424-526-7900 </p>
<p> Beaches and Harbors: 424-526-7777 </p>",http://www.lmulions.com/school-bio/boathouse.html,"<a href=""http://marinadelrey.lacounty.gov""> Beaches and Harbors </a>",,"<p> <a href=""http://www.lmulions.com/school-bio/boathouse.html""> LMU Boathouse </a></p>

",http://egis3.lacounty.gov/lms/?p=66015,publish,33.97456395,-118.44615698,2017-07-18T15:00:14.000Z,info@bh.lacounty.gov,,6426398.93054639,1813423.85341582,66015
-118.44302421421024,33.968602238997825,157259979,LA County Department of Beaches and Harbors,,Arts and Recreation,Beaches and Marinas,,UCLA Marina Aquatic Center,UCLA Marina Aquatic Center,14001 Fiji Way,,Marina del Rey,CA,90292,,"<p> Marina Aquatic Center: 310-823-0048 </p>
<p> Visitors Center: 424-526-7900 </p>
<p> Beaches and Harbors: 424-526-7777 </p>",http://marinaaquaticcenter.org/,"<a href=""http://marinadelrey.lacounty.gov""> Beaches and Harbors </a>",,"<p> <a href=""http://marinaaquaticcenter.org/""> UCLA Marina Aquatic Center </a> </p>
",http://egis3.lacounty.gov/lms/?p=65853,publish,33.96860227,-118.44302416,2017-07-18T15:02:16.000Z,themac@marinaaquaticcenter.org,,6427339.20950572,1811250.09267148,65853
-118.446307237941582,33.972201657471615,157259982,LA County Department of Beaches and Harbors,,Arts and Recreation,Beaches and Marinas,,Pacific Ocean Management,Fisherman's Village,13737 Fiji Way,#C-10,Marina del Rey,CA,90292,,"<p> Pacific Ocean Management: 310-822-6866 </p>
<p> Visitors Center: 424-526-7900 </p>
<p> Beaches and Harbors: 424-526-7777 </p>",http://marinadelrey.lacounty.gov,"<a href=""http://www.parks.ca.gov""> California State Parks </a>",,"<p> Restaurants, shopping, boat rental, party boats</p>

<p> Managed by Pacific Ocean Management </p>",http://egis3.lacounty.gov/lms/?p=65844,publish,33.97220169,-118.44630718,2017-07-18T15:05:48.000Z,info@bh.lacounty.gov,,6426349.57336164,1812564.38827123,65844
-118.443217333465597,33.975502573163098,157259986,LA County Department of Beaches and Harbors,,Arts and Recreation,Beaches and Marinas,,The Boat Yard,The Boat Yard,13555 Fiji Way,,Marina del Rey ,CA,90292,,"<p> The Boat Yard: 310-823-8964</p>
<p> Visitors Center: 424-526-7900</p>
<p> Beaches and Harbors: 424-526-7777 </p>",http://tbymdr.com/,"<a href=""http://marinadelrey.lacounty.gov""> Beaches and Harbors </a>",,"<p> <a href=""http://tbymdr.com/""> The Boat Yard </a> </p>
",http://egis3.lacounty.gov/lms/?p=65983,publish,33.97550261,-118.44321728,2017-07-18T15:08:08.000Z,,,6427291.72600488,1813761.50431532,65983
-118.441146668207395,33.980653880277892,157259989,LA County Department of Beaches and Harbors,,Arts and Recreation,Beaches and Marinas,,Pier 44,Pier 44,4635 Admiralty Way`,,Marina del Rey,CA,90292,,"<p> Pier 44: 310-823-4593 </p>
<p> Visitors Center: 424-526-7900 </p>
<p> Beaches and Harbors: 424-526-7777 </a>",http://marinadelrey.lacounty.gov,,,<p> Slips and boat storage </p>,http://egis3.lacounty.gov/lms/?p=65975,publish,33.98065391,-118.44114661,2017-07-18T15:14:55.000Z,info@bh.lacounty.gov,,6427927.75229189,1815633.39361614,65975
-118.446092662321377,33.979924353235674,157259992,LA County Department of Beaches and Harbors,,Arts and Recreation,Beaches and Marinas,,Marina del Rey Marina,Marina del Rey Marina (at Marina del Rey Hotel),13534 Bali Way,,Marina del Rey,CA,90292,,"<p> Dockmaster: 310-822-0316 </p>
<p> Visitors Center: 424-526-7900 </p>
<p> Beaches and Harbors: 424-526-7777 </p>",http://marinadelreymarina.com/,"<a href=""http://marinadelrey.lacounty.gov""> Beaches and Harbors </a>",,"<p> <a href=""http://marinadelreymarina.com/""> Marina del Rey Marina </a> </p>

",http://egis3.lacounty.gov/lms/?p=65965,publish,33.97992439,-118.44609261,2017-07-18T15:19:02.000Z,,,6426427.10503072,1815374.52372706,65965
-118.449912126770954,33.981641400840402,157259995,LA County Department of Beaches and Harbors,,Arts and Recreation,Beaches and Marinas,,Del Rey Yacht Club,Del Rey Yacht Club,13900 Palawan Way,,Marina del Rey,CA,90292,,"<p> Del Rey Yacht Club: 310-823-4664 </p>
<p> Visitors Center: 424-526-7900 </p>
<p> Beaches and Harbors: 424-526-7777 </p>",http://www.dryc.org/,"<a href=""http://marinadelrey.lacounty.gov/""> Beaches and Harbors </a>",,"<p> <a href=""http://www.dryc.org/""> Del Rey Yacht Club </a> </p>

",http://egis3.lacounty.gov/lms/?p=65955,publish,33.98164143,-118.44991207,2017-07-18T15:20:50.000Z,officemanager@dryc.org,,6425271.95117305,1816004.54805756,65955
-118.453345354732335,33.981552434854436,157259998,LA County Department of Beaches and Harbors,,Arts and Recreation,Beaches and Marinas,,Mariner's Bay,Mariner's Bay Apartments and Anchorage,14000 Palawan Way,,Marina del Rey,CA,90292,,"<p> Manager: 310-822-2001 </p>
<p> Visitors Center: 424-526-7900 </p>
<p> Beaches and Harbors: 424-526-7777 </p>",http://www.marinersbay.com/,"<a href=""http://marinadelrey.lacounty.gov""> Beaches and Harbors </a>",,"<p> <a href=""http://www.marinersbay.com/""> Mariner's Bay </a></p>
",http://egis3.lacounty.gov/lms/?p=65944,publish,33.98155247,-118.4533453,2017-07-18T15:27:31.000Z,,,6424230.97162773,1815976.84830981,65944
-118.45550185054401,33.979105851832152,157260001,LA County Department of Beaches and Harbors,,Arts and Recreation,Beaches and Marinas,,Holiday Harbor Marina,Holiday Harbor Marina,14025 Panay Way,,Marina del Rey,CA,90292,,"<p> Dockmaster: 310-578-0566 </p>
<p> Visitors Center: 424-526-7900 </p>
<p> Beaches and Harbors: 424-526-7777 </p>",http://marinadelrey.lacounty.gov,,,<p> Boat slips</p>,http://egis3.lacounty.gov/lms/?p=65936,publish,33.97910588,-118.45550179,2017-07-18T15:29:30.000Z,,,6423573.16290396,1815089.45015022,65936
-118.453109320061472,33.97900798727165,157260004,LA County Department of Beaches and Harbors,,Arts and Recreation,Beaches and Marinas,,Panay Way Marina,Panay Way Marina,13953 Panay Way,,Marina del Rey,CA,90292,,"<p> Dockmaster: 310-578-0566 </p>
<p> Visitors Center: 424-526-7900 </p>
<p> Beaches and Harbors: 424-526-7777 </p>",http://marinadelrey.lacounty.gov,,,<p> Boat slips </p>,http://egis3.lacounty.gov/lms/?p=65928,publish,33.97900802,-118.45310926,2017-07-18T15:30:35.000Z,,,6424298.35502313,1815050.5571834,65928
-118.451907690311344,33.979025780626735,157260007,LA County Department of Beaches and Harbors,,Arts and Recreation,Beaches and Marinas,,Dophin Marina,Dolphin Marina,13900 Panay Way,,Marina del Rey,CA,90292,,"<p> Manager/Dockmaster: 310-578-6666 </p>
<p> Visitors Center: 424-526-7900 </p>
<p> Beaches and Harbors: 424-526-7777 </p>",http://marinadelrey.lacounty.gov,,,<p> Boat slips</p>,http://egis3.lacounty.gov/lms/?p=65919,publish,33.97902581,-118.45190763,2017-07-18T15:31:38.000Z,info@bh.lacounty.gov,,6424662.68729971,1815055.39247556,65919
-118.454825933356162,33.976445667441915,157260010,LA County Department of Beaches and Harbors,,Arts and Recreation,Beaches and Marinas,,Villa del Mar Marina Apartments,Villa del Mar Marina Apartments,13999 Marquesas Way,,Marina del Rey,CA,90292,,"<p> Manager/Dockmaster: 310-823-4644</p>
<p> Visitors Center: 424-526-7900 </p>
<p> Beaches and Harbors: 424-526-7777 </p>",http://marinadelrey.lacounty.gov,,,<p>Boat slips and apartments </p>,http://egis3.lacounty.gov/lms/?p=65907,publish,33.9764457,-118.45482588,2017-07-18T15:32:35.000Z,info@bh.lacounty.gov,,6423773.70285723,1814120.4350279,65907
-118.4460497453275,33.982442084552986,157260013,LA County Department of Beaches and Harbors,,Arts and Recreation,Beaches and Marinas,,California Yacht Club,California Yacht Club,4469 Admiralty Way,,Marina del Rey,CA,90292,,"<p> California Yacht Club: 310-823-4567 </p>
<p> Visitors Center: 424-526-7900</p>
<p> Beaches and Harbors: 424-526-7777 </p>",,"<a href=""http://marinadelrey.lacounty.gov""> Beaches and Harbors </a>",,"<p> <a href=""http://www.calyachtclub.com/""> California Yacht Club </a> </p>
",http://egis3.lacounty.gov/lms/?p=65871,publish,33.98244212,-118.44604969,2017-07-18T15:36:01.000Z,,,6426444.1820963,1816290.7121834,65871
-118.453087862883805,33.984808505428916,157260016,LA County Department of Beaches and Harbors,,Arts and Recreation,Beaches and Marinas,,Marina City Club,Marina at Marina City Club,4333 Admiralty Way,,Marina del Rey,CA,90292,,"<p> Marina: 310-822-0611</p>
<p> Visitors Center: 424-526-7900 </p>
<p> Beaches and Harbors: 424-526-7777 </p>",,"<a href=""http://marinadelrey.lacounty.gov/""> Beaches and Harbors </a>",,"<p> <a href=""http://www.marinacityclub.net/""> Marina at Marina City Club </a> </p>
",http://egis3.lacounty.gov/lms/?p=65862,publish,33.98480854,-118.45308781,2017-07-18T15:38:36.000Z,info@bh.lacounty.gov,,6424314.37533231,1817161.43649182,65862
-118.456134852333989,33.973616351996,157260019,LA County Department of Beaches and Harbors,,Arts and Recreation,Beaches and Marinas,,Marina Harbor,Marina Harbor Anchorage and Apartments,14120 Tahiti Way,,Marina del Rey,CA,90292,,"<p> Marina Harbor: 888-831-7808 </p>
<p> Visitors Center: 424-526-7900 </p>
<p> Beaches and Harbors: 424-526-7777 </p>",,"<a href=""http://marinadelrey.lacounty.gov""> Beaches and Harbors </a>",,"<p> <a href=""http://www.marinaharbor.com/marina-harbor-anchorage/""> Marina Harbor and Apartments </a> </p>
",http://egis3.lacounty.gov/lms/?p=65854,publish,33.97361638,-118.4561348,2017-07-18T15:41:08.000Z,,,6423372.18791223,1813092.59620431,65854
-118.444392140540259,33.974684028623592,157260022,LA County Department of Beaches and Harbors,,Arts and Recreation,Beaches and Marinas,,Windward Yacht Center,Windward Yacht Center,13645 Fiji Way,,Marina del Rey,CA,90292,,"<p> Windward Yacht Center: 310-823-4581 </p>
<p> Visitors Center: 424-526-7900 </p>
<p> Beaches and Harbors: 424-526-7777 </p>",,"<a href=""http://marinadelrey.lacounty.gov""> Beaches and Harbors </a>",,"<p> <a href=""http://windwardyachtcenter.com/""> Windward Yacht Center </a> </p>
",http://egis3.lacounty.gov/lms/?p=65836,publish,33.97468406,-118.44439209,2017-07-18T15:43:13.000Z,,,6426934.22278288,1813465.19421239,65836
-118.442037161378053,33.976819344923094,157260025,LA County Department of Beaches and Harbors,,Arts and Recreation,Beaches and Marinas,,Pacific Ocean Management,Dock 52,13737 Fiji Way,#C-10,Marina del Rey,CA,90292,,"<p> Pacific Ocean Management: 310-822-6866 </p>
<p> Visitors Center: 424-526-7900 </p>
<p> Beaches and Harbors: 424-526-7777 </p>",http://marinadelrey.lacounty.gov,,,"<p> Free parking all day for those going out on the fishing boats at Dock 52. </p>
<p>Managed by Pacific Ocean Management</p>",http://egis3.lacounty.gov/lms/?p=65819,publish,33.97681938,-118.44203711,2017-07-18T15:52:28.000Z,info@bh.lacounty.gov,,6427651.64621681,1814239.12507923,65819
-118.440470751330082,33.976534638762423,157260028,LA County Department of Beaches and Harbors,,Arts and Recreation,Beaches and Marinas,,Los Angeles County Department of Beaches and Harbors,Trailerable Boat Launch Ramp,13837 Fiji Way ,"4701 Admiralty Way (Visitors Center, Tourist Information)",Marina del Rey,CA,90292,"Launch Ramp is open 24 hours a day, 7 days a week.","<p> Chace Park Guest Boat Docks: 424-526-7890 </p>
<p> Visitors Center: 424-526-7900</p>
<p> Beaches and Harbors: 424-526-7777 </p>",http://marinadelrey.lacounty.gov,,,"<p>Enter parking and launch ramp from Fiji Way, after Mast-up Storage and before Dock 52. </p>
<p>Boat Launch Ramp is located next to Chace Park, which has guest docks available for overnight berthing. Call 424-526-7910 for information. </p>",http://egis3.lacounty.gov/lms/?p=65768,publish,33.97653467,-118.4404707,2017-07-18T15:54:38.000Z,info@bh.lacounty.gov,,6428126.09999231,1814133.43073681,65768
-118.443882520402113,33.981072021276972,157260031,LA County Department of Beaches and Harbors,,Arts and Recreation,Beaches and Marinas,,Catalina Yacht Anchorage,Catalina Yacht Anchorage,13505 Bali Way,,Marina del Rey,CA,90292,,"<p> Visitors Center: 424-526-7900 </p>
<p> Beaches and Harbors: 424-526-7777 </p>",,"<a href=""http://marinadelrey.lacounty.gov""> Department of Beaches and Harbors </a>",,"
",http://egis3.lacounty.gov/lms/?p=65746,publish,33.98107205,-118.44388247,2017-07-18T16:18:43.000Z,,,6427099.00034048,1815789.21384256,65746
-118.459053096092404,33.978118302075771,157260034,LA County Department of Beaches and Harbors,,Arts and Recreation,Beaches and Marinas,,Bar Harbor Apartments and Anchorage,Bar Harbor Apartments and Anchorage,4242 Via Marina,,Marina del Rey,CA,90292,,"<p> Bar Harbor: 310-823-4689    </p>
<p> Visitors Center: 424-526-7900 </p>
<p> Beaches and Harbors: 424-526-7777 </p>",http,"<a href=""http://marinadelrey.lacounty.gov""> Department of Beaches and Harbors </a>",,"<p><a href=""http://esringapts.com/bar-harbor""> Bar Harbor Apartments and Anchorage </a></p>

",http://egis3.lacounty.gov/lms/?p=65705,publish,33.97811833,-118.45905304,2017-07-18T16:22:11.000Z,info@bh.lacounty.gov,,6422494.87700281,1814734.96168597,65705
-118.453661854586329,33.976476807539726,157260037,LA County Department of Beaches and Harbors,,Arts and Recreation,Beaches and Marinas,,Esprit Marina del Rey,Esprit 1,13900 Marquesas Way,,Marina del Rey,CA,90292,,"<p> Esprit 1: 310-305-3700  </p>
<p> Visitors Center: 424-526-7900 </p>
<p> Beaches and Harbors: 424-526-7777 </p>",,"<a href=""http://marinadelrey.lacounty.gov""> Department of Beaches and Harbors </a>",,"<p> <a href=""http://espritmdr.com/""> Esprit 1 </a></p>

",http://egis3.lacounty.gov/lms/?p=65699,publish,33.97647684,-118.4536618,2017-07-18T16:23:20.000Z,info@bh.lacounty.gov,,6424126.68345048,1814130.17254123,65699
-118.45617776638656,33.976374491440779,157260040,LA County Department of Beaches and Harbors,,Arts and Recreation,Beaches and Marinas,,Neptune Marina and Townhomes,Neptune Marina and Townhomes,14126 Marquesas Way,,Marina del Rey,CA,90292,,"<p> Neptune Marina: 310-823-4555 </p>
<p> Visitors Center: 424-526-7900 </p>
<p> Beaches and Harbors: 424-526-7777 </p>",,"<a href=""http://marinadelrey.lacounty.gov""> Department of Beaches and Harbors </a>",,"<p><a href=""http://www.rentneptunemarina.com/""> Neptune Marina and Townhomes </a></p>
",http://egis3.lacounty.gov/lms/?p=65681,publish,33.97637452,-118.45617771,2017-07-18T16:25:02.000Z,info@bh.lacounty.gov,,6423363.73189239,1814096.39012848,65681
-118.449579532419079,33.970333158986477,157260043,LA County Department of Beaches and Harbors,,Arts and Recreation,Beaches and Marinas,,"Del Rey Fuel, LLC",Del Rey Landing Fuel Dock,13800 Bora Bora Way,,Marina del Rey,CA,90292," Open seven days a week, as follows:<br>
Summer:  7AM to 6PM<br>
Winter:     7AM to 5PM</br>
","<p>Fuel Dock: 310-864-4444 </p>
<p>Visitors Center: 424-526-7900 </p>
<p>Beaches and Harbors: 424-526-7777 </p>",,"<a href=""http://marinadelrey.lacounty.gov""> Beaches and Harbors website </a>",,"<p> <a href=""http://www.delreylanding.com/""> Del Rey Landing </a></p>

<p>The fuel dock is located on the west side of the Main Channel at the entrance of ""A"" basin.</p>
<p>The Del Rey Landing offers fuel and a convenience store that sells food, boating accessories, lottery tickets, live bait and fishing gear. </p>
<p>Transient docks are available for temporary dinghy tie-up, along with slips for mega-yachts.</p>




",http://egis3.lacounty.gov/lms/?p=65494,publish,33.97033319,-118.44957948,2017-07-18T16:28:04.000Z,,,6425354.37587696,1811888.83023915,65494
-118.452572879040858,33.97386547800221,157260047,LA County Department of Beaches and Harbors,,Arts and Recreation,Beaches and Marinas,,Bay Club Apartments and Marina,Bay Club Apartments and Marina,14015 West Tahiti Way,,Marina del Rey,CA,90292,,"<p>Visitors Center: 424-526-7900</p>
<p>Beaches and Harbors: 424-526-7777 </p>",,"<a href=""http://marinadelrey.lacounty.gov""> Beaches and Harbors website </a>",,"

",http://egis3.lacounty.gov/lms/?p=65614,publish,33.97386551,-118.45257282,2017-07-18T16:29:50.000Z,info@bh.lacounty.gov,,6424452.5640323,1813178.37588839,65614
-118.449633176593593,33.973740915059203,157260050,LA County Department of Beaches and Harbors,,Arts and Recreation,Beaches and Marinas,,Tahiti Marina ,Tahiti Marina,13900 Tahiti Way,,Marina del Rey,CA,90292,,"<p>Visitors Center: 424-526-7900 </p>
<p>Beaches and Harbors: 424-526-7777 </p>",http://marinadelrey.lacounty.gov,,,"


",http://egis3.lacounty.gov/lms/?p=65605,publish,33.97374095,-118.44963312,2017-07-18T16:31:11.000Z,,,6425343.65805064,1813129.0452784,65605
-118.443603572308078,33.978551354101924,157260054,LA County Department of Beaches and Harbors,,Arts and Recreation,Beaches and Marinas,,Los Angeles County Department of Beaches and Harbors,Anchorage 47,13575 Mindanao Way,,Marina del Rey,CA,90292,"<p>Monday - Sunday (every day), 9:00am to 6:00pm. </p> ","<p>Marina Manager: 424-526-7890</p>
<p>Visitors Center: 424-526-7900</p>
<p>Beaches and Harbors: 424-526-7777</p> ",http://marinadelrey.lacounty.gov,,,"In-the-water boat slips are available for rent next to Burton Chace Park. Slip sizes range from 12' to over 50'.  
<p>Marina Manager: 424-526-7890</p>

",http://egis3.lacounty.gov/lms/?p=65471,publish,33.97855139,-118.44360352,2017-07-18T16:32:58.000Z,dmarinamanager@bh.lacounty.gov,,6427179.51986447,1814871.52571732,65471
-118.452795501568346,33.967232041721225,157260061,LA County Department of Beaches and Harbors,,Arts and Recreation,Beaches and Marinas,,LA County Department of Beaches and Harbors,Aubrey E. Austin Park,Via Marina & Pacific Avenue,,Marina del Rey,CA,90292,,"<p> Visitors Center: 424-526-7900 </p>
<p> Beaches and Harbors: 424-526-7777</p>",http://beaches.lacounty.gov,,,"Aubrey E. Austin Jr. Park has a paved walkway out to the ocean end of the north jetty that is a favorite of joggers and fishermen. Beachgoers can walk along the jetty to reach the Marina peninsula.  There is also a quiet spot overlooking the Marina lagoon. Both the jetty walkway and the overlook for the Marina lagoon are stroller and wheelchair-accessible.

",http://egis3.lacounty.gov/lms/?p=63784,publish,33.96723207,-118.45279545,2017-07-18T16:35:30.000Z,,,6424374.1921418,1810764.65597831,63784
-118.458967264315518,33.981846020892185,157260063,LA County Department of Beaches and Harbors,,Arts and Recreation,Beaches and Marinas,,Los Angeles County Department of Beaches and Harbors,Marina Beach (Mother's Beach),4101 Admiralty Way,,Marina del Rey,CA,90292,Open during daylight hours. ,"Visitors Center: 424-526-7900 <br>
Beaches and Harbors: 424-526-7777 <br>
",http://marinadelrey.lacounty.gov,,,"Facilities: Swimming (no surf), Children's Playground, Picnic Tables, Windsurfing, Kayaking, Free Boat Launch for Hand-Carried Boats, Restaurants, Hotels, Restrooms, Showers
Food: Restaurants overlooking the beach and water, grocery store
Hotel: Foghorn Inn
Beach Bike Path: <a> Map of Beach Bike Path (Marvin Braude Bike Trail) </a>

",http://egis3.lacounty.gov/lms/?p=63775,publish,33.98184605,-118.45896721,2017-07-18T16:41:09.000Z,info@bh.lacounty.gov,,6422527.09347381,1816091.42386806,63775
-118.459401782746724,33.983273897649013,157260067,LA County Department of Beaches and Harbors,,Arts and Recreation,Beaches and Marinas,,Los Angeles County Department of Beaches and Harbors,Marina Beach Shopping Center,13837 Fiji Way,,Marina del Rey,CA,90292, Restaurants and shops are open 7 days a week. ,"<p>Visitors Center: 424-526-7900 </p>
<p>Beaches and Harbors: 424-526-7777 </p>",http://marinadelrey.lacounty.gov,,," The center includes restaurants, shops, and a bank. 

<a href=""http://beaches.lacounty.gov/la-county-beach-bike-path/""> Shopping center is near the beach bike path. </a>",http://egis3.lacounty.gov/lms/?p=63767,publish,33.98327393,-118.45940173,2017-07-18T16:43:37.000Z,info@bh.lacounty.gov,,6422397.73808947,1816611.65445489,63767
-118.495895919151636,34.010817009676593,157260070,LA County Department of Beaches and Harbors,,Arts and Recreation,Beaches and Marinas,,City of Santa Monica,Santa Monica Beach and Pier,City Hall,1685 Main Street,Santa Monica,CA,90401,Beach and Pier are open 7 days a week.,"<p> City of Santa Monica: 310-458-8411</p>
<p> Visitors Center: 424-526-7900 </p>
<p> Beaches and Harbors: 424-526-7777 </p>",http://www.smgov.net/,"<a href=""http://beaches.lacounty.gov""> Los Angeles County Department of Beaches and Harbors </a>",,"The Santa Monica Beach and Pier are managed by the City of Santa Monica. 
For more information:
<p><a href=""https://www.smgov.net/Departments/CCS/content.aspx?id=53687097577""> Beach Information </a></p>
<p><a href=""https://santamonicapier.org/""> Santa Monica Pier </a> </p>
<p><a href=""https://annenbergbeachhouse.com/""> Annenberg Beach House </a></p>
<p><a href=""http://beaches.lacounty.gov/la-county-beach-bike-path/""> Beach Bike Path </a></p>",http://egis3.lacounty.gov/lms/?p=1407,publish,34.01081704,-118.49589586,2017-07-18T16:48:56.000Z,info@bh.lacounty.gov,,6411383.68301788,1826687.61068089,1407
-118.186878618167029,33.761276855750289,157260075,LA County Department of Beaches and Harbors,,Arts and Recreation,Beaches and Marinas,,Shoreline Marina,Downtown Shoreline Marina,450 E. Shoreline Dr.,,Long Beach,CA,90802,"Monday, Tuesday, Thursday, 9:00am to 5:00pm.",Service/Intake (562) 570-4950,,http://beaches.lacounty.gov,,"<a href=""http://www.longbeach.gov/Park/Marine/Marinas/Long-Beach-Shoreline-Marina/""> Shoreline Marina </a>",http://egis3.lacounty.gov/lms/?p=59510,publish,33.76127689,-118.18687856,2017-07-18T16:57:07.000Z,info@bh.lacounty.gov,,6504865.71357314,1735556.01210456,59510
-118.555966230706346,33.433705232400463,157260078,LA County Department of Beaches and Harbors,248155,Arts and Recreation,Beaches and Marinas,,Catalina Island Chamber of Commerce,Ribbon Beach,,,,,,,"City of Avalon: 310-520-0220 <br>
Beaches and Harbors Visitors Center: 424-526-7900 <br>
Beaches and Harbors Main Office: 424-526-7777 <br>",http://www.catalinachamber.com/,http://beaches.lacounty.gov,,"<a href=""http://www.cityofavalon.com/""> Catalina Island information </a>",http://egis3.lacounty.gov/lms/?p=25413,publish,33.43370527,-118.55596618,2017-07-18T17:06:06.000Z,,,6392017.22207896,1616756.20574139,25413
-118.58112835515125,34.039621956336582,157260081,LA County Department of Beaches and Harbors,1010799014,Arts and Recreation,Beaches and Marinas,,Los Angeles County Department of Beaches and Harbors,Topanga Beach,18700 Pacific Coast Highway,,Los Angeles,CA,90290,,"Visitors Center: 424-526-7900 <br>
Beaches and Harbors: 424-526-7777 <br>
",http://beaches.lacounty.gov ,,,"Facilities: Swimming, Surfing, Fishing, Picnic Tables, Restrooms, Showers

<p> Parking Lot Maps:
<ul>
<li> <a href=""http://file.lacounty.gov/dbh/cms1_145230.jpg""> West Lot </a> </li>
<li> <a href=""http://file.lacounty.gov/dbh/cms1_145229.jpg""> East Lot </a> </li>
</ul>
</p>
",http://egis3.lacounty.gov/lms/?p=59077,publish,34.03962199,-118.5811283,2017-07-18T17:16:59.000Z,info@bh.lacounty.gov,,6385613.93468872,1837308.51496398,59077
-118.481293972210125,33.368079700004422,157260084,LA County Department of Beaches and Harbors,1661030,Arts and Recreation,Beaches and Marinas,,Catalina Island Chamber of Commerce,Mills Landing,,,,,,,"City of Avalon: 310-510-0220 <br>
Beaches and Harbors Visitors Center: 424-526-7900 <br>
Beaches and Harbors Main Office: 424-526-7777 <br>",http://www.catalinachamber.com/,,,"<a href=""http://www.cityofavalon.com/""> Catalina Island information </a>",http://egis3.lacounty.gov/lms/?p=23938,publish,33.36807973,-118.48129392,2017-07-18T17:22:40.000Z,,,6414688.91689298,1592754.22421789,23938
-118.112640437224044,33.750320548477987,157260087,LA County Department of Beaches and Harbors,,Arts and Recreation,Beaches and Marinas,,LA County,Alamitos Bay Marina,205 Marina Dr.,,Long Beach,CA,90803,"Monday through Sunday, dawn to 10:00pm",Service/Intake (562) 570-4950,,http://beaches.lacounty.gov,,"<a href=""http://www.longbeach.gov/park/marine/""> Alamitos Bay Marina </a>",http://egis3.lacounty.gov/lms/?p=59516,publish,33.75032058,-118.11264038,2017-07-18T17:25:02.000Z,,,6527427.07297789,1731535.07198372,59516
-118.522803838013843,33.461968060969745,157260090,LA County Department of Beaches and Harbors,250032,Arts and Recreation,Beaches and Marinas,,Catalina Island Chamber of Commerce,Sullivans Beach,,,,,,,"City of Avalon: 310-510-5220 <br>
Beaches and Harbors Visitors Center: 424-526-7900 <br>
Beaches and Harbors Main Office: 424-526-7777 <br>",http://www.catalinachamber.com/,http://beaches.lacounty.gov,,"<a href=""http://www.cityofavalon.com/""> Catalina Island information </a>",http://egis3.lacounty.gov/lms/?p=25432,publish,33.46196809,-118.52280378,2017-07-18T17:27:23.000Z,,,6402190.13414781,1626988.02451657,25432
-118.324867542787786,33.3437985566189,157260094,LA County Department of Beaches and Harbors,1763262,Arts and Recreation,Beaches and Marinas,,Catalina Island Chamber of Commerce,Green Pleasure Pier,,,,,,,"City of Avalon: 310-510-0220 <br>
Beaches and Harbors Visitors Center: 424-526-7900 <br>
Beaches and Harbors Main Office: 424-526-7777 <br>",http://www.catalinachamber.com/,,,"<a href=""http://www.cityofavalon.com/""> Catalina Island information </a>",http://egis3.lacounty.gov/lms/?p=24096,publish,33.34379859,-118.32486749,2017-07-18T17:39:36.000Z,,,6462430.91622506,1583725.38466406,24096
-118.435455020648092,33.930709602087511,157260099,LA County Department of Beaches and Harbors,,Arts and Recreation,Beaches and Marinas,,Los Angeles County Department of Beaches and Harbors,Dockweiler State Beach,12001 Vista Del Mar,,Playa Del Rey,CA,90293,,"Dockweiler Beach Recreational Vehicle Park: 310-322-6951 or 800-950-7275<br>
Dockweiler Beach Youth Center: 310-726-4128<br>
Visitors Center: 424-526-7900 <br>
Beaches and Harbors: 424-526-7777<br>
",http://beaches.lacounty.gov,,,"Facilities: Recreational Vehicle Park, Dockweiler Youth Center (meeting and event room for rent), Fire Rings, Picnic Areas, Swimming, Surfing, Beach Bike Path, Volleyball, Restrooms, Showers, Hang Gliding
RV Park Reservations: <a href=""http://beaches.lacounty.gov/dockweiler-rv-park/""> Online Reservations </a>
Beach Bike Path: <a href=""http://beaches.lacounty.gov/la-county-beach-bike-path/""> Map Of Beach Bike Path (Marvin Braude Bike Trail) </a>
Hang Gliding Area: <a href=""http://file.lacounty.gov/dbh/cms1_149578.jpg""> Map of Hang Gliding Area </a>
Parking Lot Maps:
<ul>
	<li><a href=""http://file.lacounty.gov/dbh/cms1_145139.jpg""> Cover Sheet </a></li>
	<li><a href=""http://file.lacounty.gov/dbh/cms1_145137.jpg""> 62nd Avenue </a></li>
	<li><a href=""http://file.lacounty.gov/dbh/cms1_145136.jpg""> Lot 3 </a></li>
	<li><a href=""http://file.lacounty.gov/dbh/cms1_145135.jpg""> Lot 1 and 2 </a></li>
	<li><a href=""http://file.lacounty.gov/dbh/cms1_145140.jpg""> Entrance Gate </a></li>
	<li><a href=""http://file.lacounty.gov/dbh/cms1_145142.jpg""> Recreational Vehicle Park </a></li>
	<li><a href=""http://file.lacounty.gov/dbh/cms1_145141.jpg""> Grand Avenue </a></li>
	<li><a href=""http://file.lacounty.gov/dbh/cms1_145138.jpg""> Youth Center, Bluff, Hang Gliding Area </a></li>
</ul>",http://egis3.lacounty.gov/lms/?p=1406,publish,33.93070963,-118.43545496,2017-07-18T17:43:43.000Z,info@bh.lacounty.gov,,6429574.54099305,1797450.23542872,1406
-118.433936889118485,33.426230092089831,157260104,LA County Department of Beaches and Harbors,242022,Arts and Recreation,Beaches and Marinas,,Catalina Island Chamber of Commerce,Empire Landing,,,Avalon,CA,,,"Beaches and Harbors Visitors Center: 424-526-7900 <br>
Beaches and Harbors Main Office: 424-526-7777 <br>",http://www.catalinachamber.com/,http://beaches.lacounty.gov,,"<a href=""http://www.catalinachamber.com/""> Catalina Island information </a>",http://egis3.lacounty.gov/lms/?p=25407,publish,33.42623012,-118.43393683,2017-07-19T13:58:44.000Z,info@bh.lacounty.gov,,6429242.47604039,1613852.28471197,25407
-118.390672858462111,33.839168905166787,157260107,LA County Department of Beaches and Harbors,1010799013,Arts and Recreation,Beaches and Marinas,,City of Redondo Beach,Redondo Beach and Pier,400 - 1700 Esplanade,,Redondo Beach,CA,90277,Restaurants and shops are open 7 days a week.,"<p>Visitors Center: 424-526-7900</p>
<p>Beaches and Harbors: 424-526-7777 </p>",http://beaches.lacounty.gov,"<a href=""http://www.parks.ca.gov""> California State Parks </a>",,"<a href=""http://www.redondo.org/"">City of Redondo Beach</a>

<a href=""http://www.redondo.org/depts/recreation/recreation_facilities/seaside_lagoon/default.asp"">Seaside Lagoon Information </a>

<a href=""http://www.redondo.org/depts/hbt/business_assistance/business_areas/pier_harbor.asp"">Redondo Beach Pier </a>",http://egis3.lacounty.gov/lms/?p=59082,publish,33.83916894,-118.3906728,2017-07-19T14:05:02.000Z,info@bh.lacounty.gov,,6443029.71487005,1764080.8103698,59082
-118.148399656421049,33.756684367439398,157260112,LA County Department of Beaches and Harbors,239200,Arts and Recreation,Beaches and Marinas,,Belmont Pier,Belmont Veterans Memorial Pier,,,Long Beach,,,,"Visitors Center: 424-526-7900 <br>
Beaches and Harbors: 424/526/7777 <br>",http://www.belmontpier.com/,http://beaches.lacounty.gov,,"<p> <a href=""http://www.belmontpier.com/home/""> Belmont Pier </a></p>",http://egis3.lacounty.gov/lms/?p=24134,publish,33.7566844,-118.1483996,2017-07-19T14:16:28.000Z,info,,6516559.51039547,1733865.16673298,24134
-118.522782380767211,33.462352933774724,157260115,LA County Department of Beaches and Harbors,253318,Arts and Recreation,Beaches and Marinas,,Catalina Island Chamber of Commerce,Howland Landing,,,,,,,"Beaches and Harbors Visitors Center: 424-526-7900 <br>
Beaches and Harbors Main Office: 424-526-7777 <br>",http://www.catalinachamber.com/,http://beaches.lacounty.gov,,"<a href=""http://www.catalinachamber.com/""> Catalina Island information </a>",http://egis3.lacounty.gov/lms/?p=23872,publish,33.46235297,-118.52278233,2017-07-19T14:18:00.000Z,info@bh.lacounty.gov,,6402197.40808339,1627128.06262231,23872
-118.353685055174864,33.374750268345693,157260118,LA County Department of Beaches and Harbors,238965,Arts and Recreation,Beaches and Marinas,,Catalina Island Chamber of Commerce,Bannings Beach,,,,,,,"Beaches and Harbors Visitors Center: 424-526-7900 <br>
Beaches and Harbors Main Office: 424-526-7777 <br>",http://www.catalinachamber.com/,http://beaches.lacounty.gov,,"<a href=""http://www.catalinachamber.com/""> Catalina Island information </a>",http://egis3.lacounty.gov/lms/?p=26414,publish,33.3747503,-118.353685,2017-07-19T14:19:13.000Z,info@bh.lacounty.gov,,6453667.51183589,1595020.15013222,26414
-118.819799477621942,34.016055104810711,157260121,LA County Department of Beaches and Harbors,1010799019,Arts and Recreation,Beaches and Marinas,,Los Angeles County Department of Beaches and Harbors,Zuma Beach,30050 Pacific Coast Highway,,Malibu,CA,90265,,"Visitors Center: 424-526-7900 <br>
Beaches and Harbors: 424-526-7777 <br>",http://beaches.lacounty.gov,"<a href=""http://www.malibucity.org""> City of Malibu </a>",,"<p> Zuma Beach includes Westward Beach, Trancas Beach, and Escondido Beach. </p>
<p>Facilities:  Swimming, Surfing, Fishing, Diving, Volleyball Courts, Restrooms, Showers  </p>
<p>Parking Lot Maps:</p>
<p><ul>
<li><a href=""http://file.lacounty.gov/dbh/cms1_145176.jpg""> Cover sheet </a></li>
<li><a href=""http://file.lacounty.gov/dbh/cms1_145177.jpg""> Entrance </a></li>
<li><a href=""http://file.lacounty.gov/dbh/cms1_145178.jpg""> Lot 1 </a></li>
<li><a href=""http://file.lacounty.gov/dbh/cms1_145180.jpg""> Lots 2, 3, 4 </a></li>
<li><a href=""http://file.lacounty.gov/dbh/cms1_145181.jpg""> Lots 5, 6 </a></li>
<li><a href=""http://file.lacounty.gov/dbh/cms1_145183.jpg""> Lots 7, 8 </a></li>
<li><a href=""http://file.lacounty.gov/dbh/cms1_145185.jpg""> Lots 9, 10 </a></li>
<li><a href=""http://file.lacounty.gov/dbh/cms1_145187.jpg""> Lots 11, 12 </a></li>
</ul></p>

",http://egis3.lacounty.gov/lms/?p=59080,publish,34.01605514,-118.81979942,2017-07-19T14:29:39.000Z,info@bh.lacounty.gov,,6313238.47215647,1829236.22795898,59080
-118.391075189961853,33.813170356843663,157260124,LA County Department of Beaches and Harbors,1010799015,Arts and Recreation,Beaches and Marinas,,Los Angeles County Department of Beaches and Harbors,Torrance Beach,387 Paseo De La Playa,,Torrance,CA,90501,Beach is open during daylight hours.,"<p>Visitors Center: 424-526-7900</p>
<p>Beaches and Harbors: 424-526-7777 </p>",http://beaches.lacounty.gov ,"<a href=""http://www.parks.ca.gov""> California State Parks </a>",,"Torrance Beach includes RAT beach.
Facilities: Swimming, Surfing, Diving, The Strand (ADA accessible walkway), Volleyball Courts, Restrooms, Showers
<a href=""https://www.torranceca.gov/""> City of Torrance </a>
Parking Lot Map: <a href=""http://file.lacounty.gov/dbh/cms1_150301.gif""> Parking Map </a>",http://egis3.lacounty.gov/lms/?p=59081,publish,33.81317039,-118.39107513,2017-07-19T14:32:18.000Z,info@bh.lacounty.gov,,6442870.72339013,1754619.80370131,59081
-118.539497907797454,34.036693078780416,157260127,LA County Department of Beaches and Harbors,,Arts and Recreation,Beaches and Marinas,,Los Angeles County Department of Beaches and Harbors,Will Rogers State Beach,17700 Pacific Coast Highway,,Pacific Palisades,CA,90272,,"Visitors Center: 424-526-7900 <br>
Beaches and Harbors: 424-526-7777 <br>
",http://beaches.lacounty.gov ,,,"Will Rogers Beach includes Castle Rock beach and Palisades beach.
Facilities: Swimming, Surfing, Fishing, Diving, Volleyball Courts, Restrooms, Showers
Beach Bike Path: <a href=""http://beaches.lacounty.gov/la-county-beach-bike-path/""> Beach Bike Path Map (Marvin Braude Bike Trail) </a>

Parking Lot Maps:
<ul>
	<li><a href=""http://file.lacounty.gov/dbh/cms1_150304.gif""> Lot 1 </a></li>
	<li><a href=""http://file.lacounty.gov/dbh/cms1_145233.jpg""> Lot 2 West </a></li>
	<li><a href=""http://file.lacounty.gov/dbh/cms1_145232.jpg""> Lot 2 East </a></li>
	<li><a href=""http://file.lacounty.gov/dbh/cms1_150305.gif""> Lot 3 </a></li>
	<li><a href=""http://file.lacounty.gov/dbh/cms1_145235.jpg""> Lot 4 (Gladstone's Restaurant) </a></li>
	<li><a href=""http://file.lacounty.gov/dbh/cms1_150306.gif""> Lot 5 </a></li>
</ul>",http://egis3.lacounty.gov/lms/?p=59076,publish,34.03669311,-118.53949785,2017-07-19T14:33:52.000Z,info@bh.lacounty.gov,,6398220.28841297,1836172.35024156,59076
-118.412575777917411,33.884132973291344,157260130,LA County Department of Beaches and Harbors,1010799008,Arts and Recreation,Beaches and Marinas,,Los Angeles County Department of Beaches and Harbors,"Manhattan Beach, Pier, Roundhouse Aquarium",400-500  The Strand,,Manhattan Beach,CA,90266,,"Visitors Center: 424-526-7900 <br>
Beaches and Harbors: 424-526-7777 <br>",http://beaches.lacounty.gov,"<a href=""http://www.parks.ca.gov""> California State Parks </a>",,"Facilities: Swimming, Surfing, Fishing Equipment Rentals and Bait Shop, Volleyball Courts, The Strand (ADA accessible walkway) Children's Play Area, Restrooms, Showers 
Beach Information: <a href=""http://www.citymb.info/""> Beach Map </a>
Beach Bike Path: <a href=""http://beaches.lacounty.gov/la-county-beach-bike-path/""> Map of Beach Bike Path (Marvin Braude Bike Trail) </a>
Aquarium: <a href=""http://roundhouseaquarium.org/""> Roundhouse Marine Studies Lab and Aquarium </a>
Parking Lot Maps: <a href=""http://www.citymb.info/index.aspx?page=703""> Directions and Maps </a>",http://egis3.lacounty.gov/lms/?p=59083,publish,33.88413301,-118.41257572,2017-07-19T14:38:25.000Z,info@bh.lacounty.gov,,6436445.37469231,1780470.78808847,59083
-118.742063454924917,34.033142616961889,157260133,LA County Department of Beaches and Harbors,1010799003,Arts and Recreation,Beaches and Marinas,,Los Angeles County Department of Beaches and Harbors,Dan Blocker Beach,26000 Pacific Coast Highway,,Malibu,CA,90265,,"Visitors Center: 424-526-7900 <br>
Beaches and Harbors: 424-526-7777 <br>
",http://beaches.lacounty.gov ,"<a href=""http://www.malibucity.org""> City of Malibu </a>",,"Dan Blocker beach includes Puerco Beach and Corral Beach.
Facilities: Swimming, Surfing, Fishing, Diving, Portable Restrooms

",http://egis3.lacounty.gov/lms/?p=59074,publish,34.03314265,-118.7420634,2017-07-20T07:45:50.000Z,info@bh.lacounty.gov,,6336841.03814022,1835271.52756815,59074
-118.598592337002984,34.039173565402677,157260136,LA County Department of Beaches and Harbors,1010799006,Arts and Recreation,Beaches and Marinas,,Los Angeles County Department of Beaches and Harbors,Las Tunas Beach,19444 Pacific Coast Highway,,Malibu,CA,90265,,"Visitors Center: 424-526-7900 <br>
Beaches and Harbors: 424-526-7777 <br>
",http://beaches.lacounty.gov,"<a href=""http://www.malibucity.org""> City of Malibu </a>","<a href=""http://www.parks.ca.gov""> California State Parks </a> ","Facilities: Swimming, Fishing, Diving

Parking: Off-street parking
",http://egis3.lacounty.gov/lms/?p=59073,publish,34.0391736,-118.59859228,2017-07-20T07:49:05.000Z,info@bh.lacounty.gov,,6380322.20380239,1837176.38727547,59073
-118.446221408246103,33.970666822195419,157260143,LA County Department of Beaches and Harbors,1010799001,Arts and Recreation,Beaches and Marinas,,Los Angeles County Department of Beaches and Harbors,Los Angeles County Department Of Beaches And Harbors,13837 Fiji Way,,Marina Del Rey,CA,90292,"Monday-Thursday, 7:00am to 6:00pm","Visitors Center: 424-526-7900 <br>
Beaches and Harbors: 424-526-7777 </br>
",http://beaches.lacounty.gov,"<a href=""http://www.parks.ca.gov""> California State Parks </a>",,"Visitors Center: 4701 Admiralty Way, Marina del Rey CA 90292 <br>
Open every day for free information about sights and activities in Marina del Rey </br>
Burton Chace Park, 13650 Mindanao Way, Marina del Rey, CA 90292<br>
(Community Room available for public rental, barbecue grills, stroller and wheelchair accessible trails, guest boat docks)</br>
Dockweiler Youth Center (room available for conference rental) <br>
12505 Vista del Mar, Los Angeles CA 90245, call 310-726-4131 for information </br>
Anchorage 47 (in-the-water boat slips next to Burton Chace Park) <br>
Call 424-526-7890 for information, or e-mail DMarinaManager@bh.lacounty.gov </br>
Administration Building: 13837 Fiji Way, Marina del Rey CA 90292<br>
(Executive, Asset Management, Administrative Services)</br>
Fiscal: 13575 Mindanao Way, Marina del Rey CA 90292 <br>
(Payments for Lessees, Boat Slips, Dry Storage, Bike Lockers)</br>
Trailers: 13483 Fiji Way, Marina del Rey CA 90292<br>
(Beach Licenses and Permits, Planning, Human Resources, Facilities and Property Maintenance) </br>
<p>
<a href=""http://beaches.lacounty.gov/la-county-beach-bike-path/""> Beach Bike Path </a></p>
",http://egis3.lacounty.gov/lms/?p=59088,publish,33.97066686,-118.44622135,2017-07-20T07:52:15.000Z,info@bh.lacounty.gov,,6426373.1172778,1812005.71911298,59088
-118.68020659217936,34.034870452390926,157260155,LA County Department of Beaches and Harbors,1010799007,Arts and Recreation,Beaches and Marinas,,Los Angeles County Department of Beaches and Harbors,"Malibu Surfrider Beach, Pier, Lagoon Park, Adamson House",23050 Pacific Coast Highway,,Malibu,CA,90265,,"Visitors Center: 424-526-7900 <br>
Beaches and Harbors: 424-526-7777 <br>
",http://beaches.lacounty.gov ,"<a href=""http://www.malibucity.org""> City of Malibu </a>",,"Facilities: Swimming, Surfing, Fishing, Diving, Volleyball Courts, Restrooms, Showers
Pier, Lagoon Park, Adamson House: <a href=""http://www.parks.ca.gov/?page_id=835""> Pier, Lagoon Park, and Adamson House are all near Malibu Surfrider Beach  </a>

Beach Accessways: <a href=""http://file.lacounty.gov/dbh/cms1_151453.jpg""> Beach Accessways Map </a>
Parking Lot Map: <a href=""http://file.lacounty.gov/dbh/cms1_150297.gif""> Malibu Surfrider Beach </a>",http://egis3.lacounty.gov/lms/?p=59078,publish,34.03487049,-118.68020654,2017-07-20T07:53:59.000Z,info@bh.lacounty.gov,,6355586.29658139,1835767.71686448,59078
-118.440191801522047,33.979488413087765,157260161,LA County Department of Beaches and Harbors,,Arts and Recreation,Beaches and Marinas,,Los Angeles County Department of Beaches and Harbors,Marina Del Rey Visitors Information Center,4701 Admiralty Way,,Marina Del Rey,CA,90292,<p>The Visitors Center is open 7 days a week to provide free information for visitors to Marina del Rey and the Los Angeles County beaches. </p>,"<p>Visitors Center: 424-526-7900 </p>
<p>Beaches and Harbors: 424-526-7777 </p>",http://beaches.lacounty.gov,"<a href=""http://www.parks.ca.gov""> California State Parks </a>",,"Burton Chace Park, 13650 Mindanao Way, Marina del Rey, CA 90292<br>
(Community Room available for public rental, barbecue grills, stroller and wheelchair accessible trails, guest boat docks)</br>
Dockweiler Youth Center (room available for conference rental) <br>
12505 Vista del Mar, Los Angeles CA 90245, call 310-726-4131 for information </br>
Anchorage 47 (in-the-water boat slips next to Burton Chace Park) <br>
Call 424-526-7890 for information, or e-mail DMarinaManager@bh.lacounty.gov </br>
Administration Building: 13837 Fiji Way, Marina del Rey CA 90292<br>
(Executive, Asset Management, Administrative Services)</br>
Fiscal: 13575 Mindanao Way, Marina del Rey CA 90292 <br>
(Payments for Lessees, Boat Slips, Dry Storage, Bike Lockers)</br>
Trailers: 13483 Fiji Way, Marina del Rey CA 90292<br>
(Beach Licenses and Permits, Planning, Human Resources, Facilities and Property Maintenance) </br>
<p>
<a href=""http://beaches.lacounty.gov/la-county-beach-bike-path/""> Beach Bike Path </a></p>",http://egis3.lacounty.gov/lms/?p=13521,publish,33.97948845,-118.44019175,2017-07-20T07:59:42.000Z,info@bh.lacounty.gov,,6428215.38032556,1815207.99059556,13521
-118.915130551180525,34.043254208135728,157260172,LA County Department of Beaches and Harbors,1010799010,Arts and Recreation,Beaches and Marinas,,Los Angeles County Department of Beaches and Harbors,Nicholas Canyon Beach,33850 Pacific Coast Highway,,Malibu,CA,90265,,"Visitors Center: 424-526-7900<br>
Beaches and Harbors: 424-526-7777 <br>
",http://beaches.lacounty.gov,"<a href=""http://www.ci.malibu.ca.us/"" target=""_blank""> City of Malibu</a>","<a href=""http://www.parks.ca.gov/"" target=""_blank""> California State Beaches </a >","Facilities: Fishing, Picnic Tables, Handicapped Accessways, Restrooms, Showers, Surfing, Swimming
Parking Lot Map: <a href=""http://file.lacounty.gov/dbh/cms1_150144.gif""> Nicholas Canyon </a>",http://egis3.lacounty.gov/lms/?p=59087,publish,34.04325424,-118.9151305,2017-07-20T08:01:45.000Z,info@bh.lacounty.gov,,6284440.23349322,1839383.42452806,59087
-118.808823879639377,34.002714666352169,157260175,LA County Department of Beaches and Harbors,1010799011,Arts and Recreation,Beaches and Marinas,,Los Angeles County Department of Beaches and Harbors,Point Dume Beach,7103 Westward Beach Rd.,,Malibu,CA,90265,,"Visitors Center: 424-526-7900 <br>
Beaches and Harbors: 424-526-7777 <br>
",http://beaches.lacounty.gov,"<a href=""http://www.malibucity.org""> City of Malibu </a>","<a href=""http://www.parks.ca.gov""> California State Parks </a>","Facilities: Swimming, Surfing, Fishing, Diving, View Point, Tidepools, Restrooms, Showers, Picnic Tables, Whale watching (January-March)
Parking Lot Map: <a href=""http://file.lacounty.gov/dbh/cms1_150299.gif""> Point Dume </a>",http://egis3.lacounty.gov/lms/?p=59084,publish,34.0027147,-118.80882382,2017-07-20T08:02:58.000Z,info@bh.lacounty.gov,,6316525.3783123,1824354.58385089,59084
-118.409700449471302,33.743040974318518,157260180,LA County Department of Beaches and Harbors,1010799012,Arts and Recreation,Beaches and Marinas,,Los Angeles County Department of Beaches and Harbors,Point Vicente,Palos Verdes Dr. & Hawthorne Blvd.,,Palos Verdes,CA,90275,"<p>The Interpretive Center open daily 10:00am to 5:00pm.</p> 
<p>The Lighthouse is open second Saturday of every month from 10:00am to 4:00pm. </p>","<p>Visitors Center: 424-526-7900 </p>
<p>Beaches and Harbors: 424-526-7777 </p>
",http://beaches.lacounty.gov ,"<a href=""http://www.parks.ca.gov""> California State Parks </a>",,"<p>Facilities: Fishing, Interpretive Center, Lighthouse </p>
<p><a href=""http://www.rpvca.gov/Facilities/Facility/Details/Point-Vicente-Interpretive-Center-13""> Point San Vicente Interpretive Center</a></p>
<p><a href=""https://sites.google.com/site/pointvicentelighthouse/""> Point San Vicente Lighthouse </a></p>",http://egis3.lacounty.gov/lms/?p=59075,publish,33.74304101,-118.40970039,2017-07-20T08:08:01.000Z,info@bh.lacounty.gov,,6437108.80479589,1729120.47838773,59075
-118.466928061054205,33.979025780721926,157260183,LA County Department of Beaches and Harbors,1010799016,Arts and Recreation,Beaches and Marinas,,Los Angeles County Department of Beaches and Harbors,"Venice Beach, Pier, Ocean Front Walk (Restaurants and Shopping)",2700 to 3100 Ocean Front Walk,,Venice,CA,90291,,"Visitors Center: 424-526-7900 <br>
Beaches and Harbors: 424-526-7777 <br>
",http://beaches.lacounty.gov ,"<a href=""http://www.lacity.org/index.htm""> City of Los Angeles </a>","<a href=""http://www.parks.ca.gov""> California State Parks </a>","Facilities: Swimming, Surfing, Fishing, Diving, Bike Path, Skating, Volleyball and Basketball Courts, Weight-lifting area, Handball and Raquetball Courts, Picnic Areas, Restrooms, Showers
Beach Bike Path: <a href=""http://beaches.lacounty.gov/la-county-beach-bike-path/""> Map of Beach Bike Path (Marvin Braude Bike Trail) </a>
<p>Parking Lot Maps:
<ul>
<li> <a href=""http://file.lacounty.gov/dbh/cms1_145238.jpg""> Venice Boulevard </a> </li>
<li> <a href=""http://file.lacounty.gov/dbh/cms1_145239.jpg""> Washington Boulevard </a> </li>
<li> <a href=""http://file.lacounty.gov/dbh/cms1_145237.jpg""> Rose Avenue </a> </li>
</ul>
</p>

",http://egis3.lacounty.gov/lms/?p=59079,publish,33.97902581,-118.46692801,2017-07-20T08:43:57.000Z,info@bh.lacounty.gov,,6420108.90047555,1815076.20575415,59079
-118.283786220152805,33.709751547436113,157260185,LA City Recreation and Parks,,Arts and Recreation,Beaches and Marinas,,LA City Department Recreation and Parks,Cabrillo Beach Bath House,3800 Stephen M White Drive,,San Pedro,CA,90731,"Monday - Friday: 9:00 am - 6:00 pm
Saturday: 9:00 am - 4:00 pm
Sunday & Holidays: Closed",(310) 548-7554,http://www.laparks.org/reccenter/cabrillo-beach-bath-house,,,"<div class=""field-label"">FACILITY FEATURES</div>
<div class=""field-items"">
<div class=""field-item even"">

Restroom(s), Hall Rentals, Picnic Area, Beach, Showers, Childrens Play Area, Sand Volleyball Court

</div>
</div>",http://egis3.lacounty.gov/lms/?p=2657,publish,33.70975158,-118.28378616,2017-07-24T14:43:54.000Z,,,6475356.27849764,1716873.41725197,2657
-118.318033274177267,33.71608511556007,157260188,LA County Department of Beaches and Harbors,,Arts and Recreation,Beaches and Marinas,,Los Angeles County Department of Beaches and Harbors,White Point - Royal Palms,1799 Paseo Del Mar,,San Pedro,CA,90732,,"Visitors Center: 424-526-7900<br>
Beaches and Harbors: 424-526-7777 <br>
",http://beaches.lacounty.gov,,,"Facilities: Tidepools, Swimming, Surfing, Diving, Picnic Tables, Children's Playground, Fishing, Waterside Promenade (Available for Event Rental), Restrooms, Showers, 
Aquarium: <a href=""http://www.cabrillomarineaquarium.org""> Cabrillo Marine Aquarium </a>

Parking Lot Maps:
<ul>
<li> <a href=""http://file.lacounty.gov/dbh/cms1_150302.gif""> Cover Sheet </a> </li>
<li> <a href=""http://file.lacounty.gov/dbh/cms1_150303.gif""> Upper Lot </a> </li>
<li> <a href=""http://file.lacounty.gov/dbh/cms1_150321.jpg""> Royal Palms Lot </a> </li>
</ul>

",http://egis3.lacounty.gov/lms/?p=1408,publish,33.71608515,-118.31803322,2017-07-31T11:13:44.000Z,info@bh.lacounty.gov,,6464947.30292456,1719209.57399698,1408
-118.403963956019027,33.861403366871734,157260193,LA County Department of Beaches and Harbors,,Arts and Recreation,Beaches and Marinas,,City of Hermosa Beach,Hermosa Beach Pier,Hermosa Avenue and Thirty-Third Street,,Hermosa Beach,CA,90254,,"Visitors Center: 424-526-7900<br>
Beaches and Harbors: 424-526-7777<br>
",http://www.hermosabch.org,http://beaches.lacounty.gov,,"Facilities: Swimming, Surfing, The Strand (ADA accessible walkway), Fishing and Bait Shop, Volleyball Courts, Restrooms, Showers
Food concession: Restaurants Nearby
Parking Lot Map: <a href=""http://www.hermosabch.org/Modules/ShowDocument.aspx?documentID=418""> Parking Map </a>
",http://egis3.lacounty.gov/lms/?p=23911,publish,33.8614034,-118.4039639,2017-07-31T11:21:29.000Z,info@bh.lacounty.gov,,6439025.97714263,1772188.38076881,23911
-118.440599497535601,33.977050667156874,157260196,LA County Department of Beaches and Harbors,,Arts and Recreation,Beaches and Marinas,,Los Angeles County Department of Beaches and Harbors,Mast-Up Dry Sailboat Storage,13837 Fiji Way,,Marina del Rey,CA,90292,"Mast-Up storage and the boat launch ramp are open 24 hours a day, 7 days a week. ","<p> Mast-Up Storage information: 424-526-7890 </p>
<p> Visitors Center: 424-526-7900 </p>
<p> Beaches and Harbors: 424-526-7777 </p>",http://marinadelrey.lacounty.gov,"<a href=""http://www.parks.ca.gov""> California State Parks </a>",,"<p> The Mast-Up storage area is for trailerable sailboats up to 28' in length.  It is next to the boat launch ramp. </p>
<p> Enter through the boat launch ramp from Fiji Way. </p>",http://egis3.lacounty.gov/lms/?p=65891,publish,33.9770507,-118.44059944,2017-07-31T11:22:59.000Z,info@bh.lacounty.gov,,6428087.88943881,1814321.39361548,65891
-118.444944675894121,33.977433238240586,157260202,LA County Department of Beaches and Harbors,,Arts and Recreation,Beaches and Marinas,,Los Angeles County Department of Beaches and Harbors,Burton Chace Park,13650 Mindanao Way,,Marina del Rey,CA,90292,"<p>8:00 a.m. to 8:00 p.m. 7 days a week</p>
<p>Parking is available at meters in the lot between the Park Office and the Boathouse, or at lot #4 at 13500 Mindanao Way for a small fee.</p>
","<p>Chace Park Office: 424-526-7910</p>
<p>Visitors Information: 424-526-7900</p>
<p>Beaches and Harbors: 424-526-7777</p>",http://marinadelrey.lacounty.gov,,,"Burton W. Chace Park offers a multi-purpose room (available for public rental, call 424-526-7910), picnic tables, barbecues, pergolas, picnic shelters, outdoor programs, and great harbor viewing areas. The park is open to the public and admission is free.

Recreation programs include a walking club, a book club, and birdwatching programs.

There are always a number of events going on in the Park throughout the year, including the Discover Marina del Rey Day the first Sunday of each October.

The Marina del Rey water bus offers rides around the marina for $1.00 (summer only).

Guest Boat docks are available for 4-hour or overnight stays. The park is located near the trailerable boat launch ramp. Call 424-526-7910 for information.

A fishing pier is located on the north side of the park's perimeter, which is equipped with a fish cleaning station. Anyone over the age of 16 must have a valid CA Fishing License to fish from our dock.

The park is wheelchair and stroller accessible.

<a href=""http://beaches.lacounty.gov/la-county-beach-bike-path/""> The park is near the Beach Bike Path. </a>",http://egis3.lacounty.gov/lms/?p=63781,publish,33.97743327,-118.44494462,2017-07-31T11:24:02.000Z,info@bh.lacounty.gov,,6426771.1282928,1814466.42088448,63781
